{"cameraMode":{"drawMode":0,"name":"Shaded","section":"Shading Mode"},"sceneLighting":true,"audioPlay":false,"sceneViewState":{"m_AlwaysRefresh":true,"showFog":true,"showSkybox":false,"showFlares":true,"showImageEffects":true,"showParticleSystems":true,"showVisualEffectGraphs":true,"m_FxEnabled":true},"in2DMode":false,"pivot":{"x":129.0375213623047,"y":-25.187664031982423,"z":146.0687713623047},"rotation":{"x":0.11012247204780579,"y":0.7709454298019409,"z":-0.13871397078037263,"w":0.6122866272926331},"size":12.364240646362305,"orthographic":false}