{"cameraMode":{"drawMode":0,"name":"Shaded","section":"Shading Mode"},"sceneLighting":true,"audioPlay":false,"sceneViewState":{"m_AlwaysRefresh":true,"showFog":true,"showSkybox":true,"showFlares":true,"showImageEffects":true,"showParticleSystems":true,"showVisualEffectGraphs":true,"m_FxEnabled":true},"in2DMode":false,"pivot":{"x":0.9019308090209961,"y":0.30351853370666506,"z":-3.0435290336608888},"rotation":{"x":0.056200530380010608,"y":0.9279139637947083,"z":-0.15623657405376435,"w":0.333781898021698},"size":15.037254333496094,"orthographic":false}