{"cameraMode":{"drawMode":0,"name":"Shaded","section":"Shading Mode"},"sceneLighting":true,"audioPlay":false,"sceneViewState":{"m_AlwaysRefresh":true,"showFog":true,"showSkybox":true,"showFlares":true,"showImageEffects":true,"showParticleSystems":true,"showVisualEffectGraphs":true,"m_FxEnabled":true},"in2DMode":false,"pivot":{"x":15.345037460327149,"y":-88.97403717041016,"z":-111.53213500976563},"rotation":{"x":0.5602734684944153,"y":0.004686837084591389,"z":-0.0037183945532888176,"w":0.8287076354026794},"size":69.59253692626953,"orthographic":false}