{"cameraMode":{"drawMode":0,"name":"Shaded","section":"Shading Mode"},"sceneLighting":true,"audioPlay":false,"sceneViewState":{"m_AlwaysRefresh":true,"showFog":true,"showSkybox":true,"showFlares":true,"showImageEffects":true,"showParticleSystems":true,"showVisualEffectGraphs":true,"m_FxEnabled":true},"in2DMode":false,"pivot":{"x":5.05513858795166,"y":21.186080932617189,"z":-1.9662818908691407},"rotation":{"x":-0.0017493488267064095,"y":0.9940125346183777,"z":0.016095031052827836,"w":0.10807520896196366},"size":26.64896011352539,"orthographic":false}