{"cameraMode":{"drawMode":0,"name":"Shaded","section":"Shading Mode"},"sceneLighting":false,"audioPlay":false,"sceneViewState":{"m_AlwaysRefresh":true,"showFog":true,"showSkybox":false,"showFlares":true,"showImageEffects":true,"showParticleSystems":true,"showVisualEffectGraphs":true,"m_FxEnabled":true},"in2DMode":false,"pivot":{"x":-0.8505163192749023,"y":-0.017968177795410157,"z":0.012942314147949219},"rotation":{"x":-0.0871029868721962,"y":0.8925254344940186,"z":-0.19535896182060243,"w":-0.39782747626304629},"size":8.003888130187989,"orthographic":false}