{"cameraMode":{"drawMode":0,"name":"Shaded","section":"Shading Mode"},"sceneLighting":false,"audioPlay":false,"sceneViewState":{"showFog":true,"showMaterialUpdate":true,"showSkybox":false,"showFlares":true,"showImageEffects":true,"showParticleSystems":true},"in2DMode":false,"pivot":{"x":110.88768005371094,"y":-22.380596160888673,"z":134.3078155517578},"rotation":{"x":-0.114059679210186,"y":-0.8851394057273865,"z":0.33863431215286257,"w":-0.29813680052757265},"size":4.092560291290283,"orthographic":false}