{"cameraMode":{"drawMode":0,"name":"Shaded","section":"Shading Mode"},"sceneLighting":false,"audioPlay":false,"sceneViewState":{"showFog":true,"showMaterialUpdate":true,"showSkybox":false,"showFlares":true,"showImageEffects":true,"showParticleSystems":true},"in2DMode":false,"pivot":{"x":-1.202353596687317,"y":-0.704153299331665,"z":1.8916579484939576},"rotation":{"x":0.13781633973121644,"y":-0.3149797022342682,"z":0.04628714174032211,"w":0.9379035830497742},"size":2.5803749561309816,"orthographic":false}