{"cameraMode":{"drawMode":0,"name":"Shaded","section":"Shading Mode"},"sceneLighting":false,"audioPlay":false,"sceneViewState":{"showFog":true,"showMaterialUpdate":true,"showSkybox":false,"showFlares":true,"showImageEffects":true,"showParticleSystems":true},"in2DMode":false,"pivot":{"x":10.551788330078125,"y":38.999996185302737,"z":-70.01913452148438},"rotation":{"x":-0.07450169324874878,"y":-0.32929113507270815,"z":0.026039129123091699,"w":-0.9409700036048889},"size":284.1714782714844,"orthographic":false}