{"cameraMode":{"drawMode":0,"name":"Shaded","section":"Shading Mode"},"sceneLighting":false,"audioPlay":false,"sceneViewState":{"showFog":true,"showMaterialUpdate":true,"showSkybox":false,"showFlares":true,"showImageEffects":true,"showParticleSystems":true},"in2DMode":false,"pivot":{"x":-140.4357452392578,"y":-21.96087074279785,"z":90.7127914428711},"rotation":{"x":-0.3198274075984955,"y":0.2835281491279602,"z":-0.10093413293361664,"w":-0.8984185457229614},"size":5.4837775230407719,"orthographic":false}