{"cameraMode":{"drawMode":0,"name":"Shaded","section":"Shading Mode"},"sceneLighting":false,"audioPlay":false,"sceneViewState":{"showFog":true,"showMaterialUpdate":true,"showSkybox":false,"showFlares":true,"showImageEffects":true,"showParticleSystems":true},"in2DMode":false,"pivot":{"x":36.01237487792969,"y":-23.794588088989259,"z":110.77226257324219},"rotation":{"x":-0.03887557610869408,"y":-0.8812932968139648,"z":0.07367505133152008,"w":-0.4652196764945984},"size":1.460981845855713,"orthographic":false}