{"cameraMode":{"drawMode":0,"name":"Shaded","section":"Shading Mode"},"sceneLighting":false,"audioPlay":false,"sceneViewState":{"showFog":true,"showMaterialUpdate":true,"showSkybox":false,"showFlares":true,"showImageEffects":true,"showParticleSystems":true},"in2DMode":false,"pivot":{"x":0.9695584177970886,"y":1.2134824991226197,"z":-0.4794718623161316},"rotation":{"x":0.035193901509046558,"y":0.7717744708061218,"z":-0.042877525091171268,"w":0.6334729790687561},"size":2.49038028717041,"orthographic":false}