{"cameraMode":{"drawMode":0,"name":"Shaded","section":"Shading Mode"},"sceneLighting":true,"audioPlay":false,"sceneViewState":{"showFog":true,"showMaterialUpdate":true,"showSkybox":false,"showFlares":true,"showImageEffects":true,"showParticleSystems":true},"in2DMode":false,"pivot":{"x":-108.77072143554688,"y":-20.981216430664064,"z":104.99154663085938},"rotation":{"x":0.3476203978061676,"y":-0.4206601083278656,"z":0.1786116361618042,"w":0.8187931180000305},"size":28.302080154418947,"orthographic":false}