{"cameraMode":{"drawMode":0,"name":"Shaded","section":"Shading Mode"},"sceneLighting":false,"audioPlay":false,"sceneViewState":{"showFog":true,"showMaterialUpdate":true,"showSkybox":false,"showFlares":true,"showImageEffects":true,"showParticleSystems":true},"in2DMode":false,"pivot":{"x":-122.27899169921875,"y":-22.104326248168947,"z":19.668357849121095},"rotation":{"x":-0.1678982824087143,"y":0.6709407567977905,"z":-0.15992377698421479,"w":-0.7043469548225403},"size":2.7435848712921144,"orthographic":false}