{"cameraMode":{"drawMode":0,"name":"Shaded","section":"Shading Mode"},"sceneLighting":false,"audioPlay":false,"sceneViewState":{"showFog":true,"showMaterialUpdate":true,"showSkybox":false,"showFlares":true,"showImageEffects":true,"showParticleSystems":true},"in2DMode":false,"pivot":{"x":-62.22700119018555,"y":-18.56999969482422,"z":49.619998931884769},"rotation":{"x":0.005001444835215807,"y":-0.9617495536804199,"z":0.27332815527915957,"w":0.017597923055291177},"size":0.5084290504455566,"orthographic":false}