{"cameraMode":{"drawMode":0,"name":"Shaded","section":"Shading Mode"},"sceneLighting":false,"audioPlay":false,"sceneViewState":{"showFog":true,"showMaterialUpdate":true,"showSkybox":false,"showFlares":true,"showImageEffects":true,"showParticleSystems":true},"in2DMode":false,"pivot":{"x":8.78546142578125,"y":20.938758850097658,"z":2.969588279724121},"rotation":{"x":0.018927160650491716,"y":0.7365608215332031,"z":-0.020629072561860086,"w":0.6757928133010864},"size":1.625164270401001,"orthographic":false}