{"cameraMode":{"drawMode":0,"name":"Shaded","section":"Shading Mode"},"sceneLighting":false,"audioPlay":false,"sceneViewState":{"showFog":true,"showMaterialUpdate":true,"showSkybox":false,"showFlares":true,"showImageEffects":true,"showParticleSystems":true},"in2DMode":false,"pivot":{"x":0.5229458808898926,"y":2.227328062057495,"z":0.8365152478218079},"rotation":{"x":0.060889020562171939,"y":-0.7605342864990234,"z":0.0720851793885231,"w":0.6424089670181274},"size":5.409060478210449,"orthographic":false}