{"cameraMode":{"drawMode":0,"name":"Shaded","section":"Shading Mode"},"sceneLighting":true,"audioPlay":false,"sceneViewState":{"showFog":true,"showMaterialUpdate":true,"showSkybox":false,"showFlares":true,"showImageEffects":true,"showParticleSystems":true},"in2DMode":false,"pivot":{"x":-0.6359389424324036,"y":4.086763381958008,"z":7.378204345703125},"rotation":{"x":-0.03810659050941467,"y":0.8232315182685852,"z":0.055652670562267306,"w":0.563684344291687},"size":20.17082405090332,"orthographic":false}