{"cameraMode":{"drawMode":0,"name":"Shaded","section":"Shading Mode"},"sceneLighting":false,"audioPlay":false,"sceneViewState":{"showFog":true,"showMaterialUpdate":true,"showSkybox":false,"showFlares":true,"showImageEffects":true,"showParticleSystems":true},"in2DMode":false,"pivot":{"x":2.278874397277832,"y":0.9512326121330261,"z":-2.450927495956421},"rotation":{"x":0.023413406684994699,"y":-0.65940260887146,"z":-0.020327428355813028,"w":-0.7514546513557434},"size":7.171511173248291,"orthographic":false}