{"cameraMode":{"drawMode":0,"name":"Shaded","section":"Shading Mode"},"sceneLighting":false,"audioPlay":false,"sceneViewState":{"showFog":true,"showMaterialUpdate":true,"showSkybox":false,"showFlares":true,"showImageEffects":true,"showParticleSystems":true},"in2DMode":false,"pivot":{"x":0.6972459554672241,"y":1.8908075094223023,"z":1.1741371154785157},"rotation":{"x":-0.13489551842212678,"y":0.057737160474061969,"z":-0.007617410272359848,"w":-0.9893540740013123},"size":3.5684762001037599,"orthographic":false}