{"cameraMode":{"drawMode":0,"name":"Shaded","section":"Shading Mode"},"sceneLighting":false,"audioPlay":false,"sceneViewState":{"showFog":true,"showMaterialUpdate":true,"showSkybox":false,"showFlares":true,"showImageEffects":true,"showParticleSystems":true},"in2DMode":false,"pivot":{"x":-1.5301810503005982,"y":2.7239017486572267,"z":1.6181410551071168},"rotation":{"x":-0.015896175056695939,"y":0.7302796840667725,"z":-0.0166239682585001,"w":-0.6830963492393494},"size":3.9073946475982668,"orthographic":false}