{"cameraMode":{"drawMode":0,"name":"Shaded","section":"Shading Mode"},"sceneLighting":false,"audioPlay":false,"sceneViewState":{"showFog":true,"showMaterialUpdate":true,"showSkybox":false,"showFlares":true,"showImageEffects":true,"showParticleSystems":true},"in2DMode":false,"pivot":{"x":-48.414459228515628,"y":-38.436275482177737,"z":165.1275177001953},"rotation":{"x":0.18710875511169434,"y":-0.16724631190299989,"z":0.03222694620490074,"w":0.9675942063331604},"size":260.0318603515625,"orthographic":false}