{"cameraMode":{"drawMode":0,"name":"Shaded","section":"Shading Mode"},"sceneLighting":false,"audioPlay":false,"sceneViewState":{"showFog":true,"showMaterialUpdate":true,"showSkybox":false,"showFlares":true,"showImageEffects":true,"showParticleSystems":true},"in2DMode":false,"pivot":{"x":-18.289804458618165,"y":3.9056968688964845,"z":10.707754135131836},"rotation":{"x":-0.14448665082454682,"y":-0.227198988199234,"z":0.034167926758527759,"w":-0.9626294374465942},"size":14.348316192626954,"orthographic":false}