{"cameraMode":{"drawMode":0,"name":"Shaded","section":"Shading Mode"},"sceneLighting":false,"audioPlay":false,"sceneViewState":{"showFog":true,"showMaterialUpdate":true,"showSkybox":false,"showFlares":true,"showImageEffects":true,"showParticleSystems":true},"in2DMode":false,"pivot":{"x":-52.21748352050781,"y":-22.239593505859376,"z":-60.19841003417969},"rotation":{"x":0.01115675549954176,"y":0.9799457788467407,"z":-0.057392336428165439,"w":0.19049619138240815},"size":1.186692237854004,"orthographic":false}