{"cameraMode":{"drawMode":0,"name":"Shaded","section":"Shading Mode"},"sceneLighting":false,"audioPlay":false,"sceneViewState":{"showFog":true,"showMaterialUpdate":true,"showSkybox":false,"showFlares":true,"showImageEffects":true,"showParticleSystems":true},"in2DMode":false,"pivot":{"x":33.40715789794922,"y":-24.162691116333009,"z":110.64784240722656},"rotation":{"x":-0.03887557610869408,"y":-0.8812932968139648,"z":0.07367505133152008,"w":-0.4652196764945984},"size":0.4280381202697754,"orthographic":false}