{"cameraMode":{"drawMode":0,"name":"Shaded","section":"Shading Mode"},"sceneLighting":false,"audioPlay":false,"sceneViewState":{"showFog":true,"showMaterialUpdate":true,"showSkybox":false,"showFlares":true,"showImageEffects":true,"showParticleSystems":true},"in2DMode":false,"pivot":{"x":93.67869567871094,"y":-23.67227554321289,"z":96.53020477294922},"rotation":{"x":0.08478166162967682,"y":0.8829782009124756,"z":-0.4274875223636627,"w":0.17491166293621064},"size":1.19021475315094,"orthographic":false}