{"cameraMode":{"drawMode":0,"name":"Shaded","section":"Shading Mode"},"sceneLighting":false,"audioPlay":false,"sceneViewState":{"showFog":true,"showMaterialUpdate":true,"showSkybox":false,"showFlares":true,"showImageEffects":true,"showParticleSystems":true},"in2DMode":false,"pivot":{"x":-74.58711242675781,"y":-20.85564422607422,"z":131.15728759765626},"rotation":{"x":-0.11934738606214524,"y":-0.754915177822113,"z":0.14387306571006776,"w":-0.6289526224136353},"size":3.0906264781951906,"orthographic":false}