{"cameraMode":{"drawMode":0,"name":"Shaded","section":"Shading Mode"},"sceneLighting":false,"audioPlay":false,"sceneViewState":{"showFog":true,"showMaterialUpdate":true,"showSkybox":false,"showFlares":true,"showImageEffects":true,"showParticleSystems":true},"in2DMode":false,"pivot":{"x":-4.135589122772217,"y":-1.6063158512115479,"z":0.6100137233734131},"rotation":{"x":-0.10724679380655289,"y":0.7637264728546143,"z":-0.1314924955368042,"w":-0.6229015588760376},"size":6.738040447235107,"orthographic":false}