{"cameraMode":{"drawMode":0,"name":"Shaded","section":"Shading Mode"},"sceneLighting":false,"audioPlay":false,"sceneViewState":{"showFog":true,"showMaterialUpdate":true,"showSkybox":false,"showFlares":true,"showImageEffects":true,"showParticleSystems":true},"in2DMode":false,"pivot":{"x":9.233522415161133,"y":2.9105000495910646,"z":19.64590072631836},"rotation":{"x":0.15544182062149049,"y":-0.43372973799705508,"z":0.0762336328625679,"w":0.8842998743057251},"size":17.38970947265625,"orthographic":false}