{"cameraMode":{"drawMode":0,"name":"Shaded","section":"Shading Mode"},"sceneLighting":false,"audioPlay":false,"sceneViewState":{"showFog":true,"showMaterialUpdate":true,"showSkybox":false,"showFlares":true,"showImageEffects":true,"showParticleSystems":true},"in2DMode":false,"pivot":{"x":94.9354248046875,"y":-23.659215927124025,"z":71.39962768554688},"rotation":{"x":-0.08152419328689575,"y":-0.516486406326294,"z":0.04946165159344673,"w":-0.8509939908981323},"size":1.215242624282837,"orthographic":false}