{"cameraMode":{"drawMode":0,"name":"Shaded","section":"Shading Mode"},"sceneLighting":false,"audioPlay":false,"sceneViewState":{"showFog":true,"showMaterialUpdate":true,"showSkybox":false,"showFlares":true,"showImageEffects":true,"showParticleSystems":true},"in2DMode":false,"pivot":{"x":-129.69760131835938,"y":-19.598140716552736,"z":96.82291412353516},"rotation":{"x":-0.1467532068490982,"y":-0.2855055034160614,"z":0.04430924355983734,"w":-0.9460746645927429},"size":32.48735809326172,"orthographic":false}