{"cameraMode":{"drawMode":0,"name":"Shaded","section":"Shading Mode"},"sceneLighting":true,"audioPlay":false,"sceneViewState":{"showFog":true,"showMaterialUpdate":true,"showSkybox":true,"showFlares":true,"showImageEffects":true,"showParticleSystems":true},"in2DMode":false,"pivot":{"x":64.91606903076172,"y":-25.462989807128908,"z":88.87889099121094},"rotation":{"x":-0.07437141984701157,"y":0.9251067042350769,"z":-0.28412216901779177,"w":-0.241943359375},"size":30.324440002441408,"orthographic":false}