{"cameraMode":{"drawMode":0,"name":"Shaded","section":"Shading Mode"},"sceneLighting":true,"audioPlay":false,"sceneViewState":{"showFog":true,"showMaterialUpdate":true,"showSkybox":false,"showFlares":true,"showImageEffects":true,"showParticleSystems":true},"in2DMode":false,"pivot":{"x":-54.58135986328125,"y":-22.280902862548829,"z":-18.74820327758789},"rotation":{"x":-0.02537904679775238,"y":0.9684687852859497,"z":-0.11088639497756958,"w":-0.22165915369987489},"size":4.71442985534668,"orthographic":false}