{"cameraMode":{"drawMode":0,"name":"Shaded","section":"Shading Mode"},"sceneLighting":false,"audioPlay":false,"sceneViewState":{"showFog":true,"showMaterialUpdate":true,"showSkybox":false,"showFlares":true,"showImageEffects":true,"showParticleSystems":true},"in2DMode":false,"pivot":{"x":95.5912094116211,"y":-23.950359344482423,"z":95.49181365966797},"rotation":{"x":-0.3198274075984955,"y":0.2835281491279602,"z":-0.10093413293361664,"w":-0.8984185457229614},"size":4.48032808303833,"orthographic":false}