{"cameraMode":{"drawMode":0,"name":"Shaded","section":"Shading Mode"},"sceneLighting":false,"audioPlay":false,"sceneViewState":{"showFog":true,"showMaterialUpdate":true,"showSkybox":false,"showFlares":true,"showImageEffects":true,"showParticleSystems":true},"in2DMode":false,"pivot":{"x":-0.006366662681102753,"y":20.70340919494629,"z":0.29751986265182497},"rotation":{"x":-0.02072545699775219,"y":0.9792292714118958,"z":-0.13699890673160554,"w":-0.14828848838806153},"size":4.03342866897583,"orthographic":false}