{"cameraMode":{"drawMode":0,"name":"Shaded","section":"Shading Mode"},"sceneLighting":false,"audioPlay":false,"sceneViewState":{"showFog":true,"showMaterialUpdate":true,"showSkybox":false,"showFlares":true,"showImageEffects":true,"showParticleSystems":true},"in2DMode":false,"pivot":{"x":12.059405326843262,"y":20.64189910888672,"z":3.220564842224121},"rotation":{"x":-0.03831230103969574,"y":0.9589446783065796,"z":-0.1581994891166687,"w":-0.23223361372947694},"size":2.218465566635132,"orthographic":false}