{"cameraMode":{"drawMode":0,"name":"Shaded","section":"Shading Mode"},"sceneLighting":false,"audioPlay":false,"sceneViewState":{"showFog":true,"showMaterialUpdate":true,"showSkybox":false,"showFlares":true,"showImageEffects":true,"showParticleSystems":true},"in2DMode":false,"pivot":{"x":131.73428344726563,"y":-22.79037094116211,"z":129.51632690429688},"rotation":{"x":0.05452733486890793,"y":0.7208499908447266,"z":-0.05692042037844658,"w":0.6887122988700867},"size":3.6465954780578615,"orthographic":false}