{"cameraMode":{"drawMode":0,"name":"Shaded","section":"Shading Mode"},"sceneLighting":false,"audioPlay":false,"sceneViewState":{"showFog":true,"showMaterialUpdate":true,"showSkybox":false,"showFlares":true,"showImageEffects":true,"showParticleSystems":true},"in2DMode":false,"pivot":{"x":2.622426748275757,"y":-0.34410303831100466,"z":-1.5800119638442994},"rotation":{"x":0.04579022154211998,"y":0.8953311443328857,"z":-0.09471603482961655,"w":0.4328206777572632},"size":8.333918571472168,"orthographic":false}