{"cameraMode":{"drawMode":0,"name":"Shaded","section":"Shading Mode"},"sceneLighting":false,"audioPlay":false,"sceneViewState":{"showFog":true,"showMaterialUpdate":true,"showSkybox":false,"showFlares":true,"showImageEffects":true,"showParticleSystems":true},"in2DMode":false,"pivot":{"x":-35.72995376586914,"y":-1.1919434070587159,"z":-16.609447479248048},"rotation":{"x":-0.015668416395783426,"y":0.8454799652099609,"z":-0.024402586743235589,"w":-0.533646285533905},"size":22.44809913635254,"orthographic":false}