{"cameraMode":{"drawMode":0,"name":"Shaded","section":"Shading Mode"},"sceneLighting":false,"audioPlay":false,"sceneViewState":{"showFog":true,"showMaterialUpdate":true,"showSkybox":false,"showFlares":true,"showImageEffects":true,"showParticleSystems":true},"in2DMode":false,"pivot":{"x":2.2240653038024904,"y":-0.4963396191596985,"z":0.5240431427955627},"rotation":{"x":0.15864576399326325,"y":-0.031095057725906373,"z":0.005001000594347715,"w":0.9868384003639221},"size":3.0332674980163576,"orthographic":false}