{"cameraMode":{"drawMode":0,"name":"Shaded","section":"Shading Mode"},"sceneLighting":false,"audioPlay":false,"sceneViewState":{"showFog":true,"showMaterialUpdate":true,"showSkybox":false,"showFlares":true,"showImageEffects":true,"showParticleSystems":true},"in2DMode":false,"pivot":{"x":-0.08860111236572266,"y":4.878490924835205,"z":0.12272429466247559},"rotation":{"x":0.11191466450691223,"y":0.7375138998031616,"z":-0.12621954083442689,"w":0.6539270877838135},"size":6.149824142456055,"orthographic":false}