{"cameraMode":{"drawMode":0,"name":"Shaded","section":"Shading Mode"},"sceneLighting":false,"audioPlay":false,"sceneViewState":{"showFog":true,"showMaterialUpdate":true,"showSkybox":false,"showFlares":true,"showImageEffects":true,"showParticleSystems":true},"in2DMode":false,"pivot":{"x":-60.20581817626953,"y":-18.71779441833496,"z":49.52812194824219},"rotation":{"x":0.0001126848510466516,"y":-0.9997181296348572,"z":0.02339581400156021,"w":0.004794645123183727},"size":1.092932939529419,"orthographic":false}