{"cameraMode":{"drawMode":0,"name":"Shaded","section":"Shading Mode"},"sceneLighting":false,"audioPlay":false,"sceneViewState":{"m_AlwaysRefresh":true,"showFog":true,"showSkybox":false,"showFlares":true,"showImageEffects":true,"showParticleSystems":true,"showVisualEffectGraphs":true,"m_FxEnabled":true},"in2DMode":false,"pivot":{"x":0.0003788471221923828,"y":0.05356356501579285,"z":0.00035572052001953125},"rotation":{"x":-0.0871029868721962,"y":0.8925254344940186,"z":-0.19535896182060243,"w":-0.39782747626304629},"size":3.090627670288086,"orthographic":false}